<?xml version="1.0" encoding="UTF-8" ?>

<pensiune
xmlns:xsi="http://www.w3.org/2001/XMLSchema-instance"
xsi:noNamespaceSchemaLocation="persoane.xsd">
    <personal>
        <persoana id="1">
            <nume>Dumitrascu</nume>
            <prenume>Dragos</prenume>
            <varsta>23</varsta>
            <adresa>
                <strada>Principala</strada>
                <numar>62</numar>
                <localitate>Bratuleni</localitate>
                <judet>Iasi</judet>
                <tara>Romania</tara>
            </adresa>
            <functie>Manager></functie>
        </persoana>
        <persoana id="2">
            <nume>Dumitrascu</nume>
            <prenume>Diana</prenume>
            <varsta>23</varsta>
            <adresa>
                <strada>Martingasse</strada>
                <numar>5</numar>
                <localitate>Ettlingen</localitate>
                <judet>Baden-Wutemberg</judet>
                <tara>Germania</tara>
            </adresa>
            <functie>Doctor</functie>
        </persoana>
    </personal>
    <animale>
        <animal id="1">
            <nume>Gabi</nume>
            <varsta>5</varsta>
            <caracter>
                <specie>Felina</specie>
                <sex>Mascul</sex>
                <rasa>Metis</rasa>
                <culoare>Alb tarcat cu gri</culoare>
            </caracter>       
        </animal>
        <animal id="2">
            <nume>Tomita</nume>
            <varsta>12</varsta>
            <caracter>
                <specie>Felina</specie>
                <sex>Mascul</sex>
                <rasa>Metis</rasa>
                <culoare>Gri cu pete de alb</culoare>
            </caracter>
        </animal>
        <animal id="3">
            <nume>Bela</nume>
            <varsta>8</varsta>
            <caracter>
                <specie>Canin</specie>
                <sex>Femela</sex>
                <rasa>Metis</rasa>
                <culoare>Maro</culoare>
            </caracter>
        </animal>
    </animale>
</pensiune>